date,AAPL,MMM
08/02/2013,67.7142,102.34
11/02/2013,68.0714,102.39
12/02/2013,68.5014,102.66
13/02/2013,66.7442,103.03
14/02/2013,66.3599,102.43
15/02/2013,66.9785,103.06
19/02/2013,65.8714,103.42
20/02/2013,65.3842,104.18
21/02/2013,63.7142,102.88
22/02/2013,64.1785,102.99
25/02/2013,64.8356,103.91
26/02/2013,63.4028,102.11
27/02/2013,64.0614,102.1
28/02/2013,63.4357,103.6
01/03/2013,62.5714,103.39
04/03/2013,61.1142,103.51
05/03/2013,60.2114,103.76
06/03/2013,62.0728,104.73
07/03/2013,60.6428,104.8
08/03/2013,61.3999,105
11/03/2013,61.3928,105.33
12/03/2013,62.2285,105.82
13/03/2013,61.2071,105.13
14/03/2013,61.8328,105.33
15/03/2013,62.5614,105.9
18/03/2013,63.0642,105.23
19/03/2013,65.6428,105.83
20/03/2013,65.3456,105.91
21/03/2013,64.3171,105.39
22/03/2013,64.9399,105.1
25/03/2013,66.3842,106.53
26/03/2013,66.4914,105.41
27/03/2013,65.2085,105.35
28/03/2013,64.2599,105.67
01/04/2013,63.1285,106
02/04/2013,61.0857,105.8
03/04/2013,61.6242,106.6
04/04/2013,61.9657,105.82
05/04/2013,60.6428,104.45
08/04/2013,60.6928,105.86
09/04/2013,60.9085,106
10/04/2013,61.1571,106.09
11/04/2013,61.9599,107.86
12/04/2013,62.0214,107.89
15/04/2013,60.9999,107.15
16/04/2013,60.2242,106.69
17/04/2013,60.0385,105.47
18/04/2013,57.8557,105.84
19/04/2013,55.4242,105.31
22/04/2013,56.0914,105.71
23/04/2013,57.7128,106.24
24/04/2013,56.2199,107.61
25/04/2013,58.7464,104.46
26/04/2013,58.5442,104.97
29/04/2013,60.0642,103.91
30/04/2013,62.1571,103.98
01/05/2013,63.4942,104.78
02/05/2013,63.1114,105.04
03/05/2013,64.4728,106.96
06/05/2013,65.1014,107.63
07/05/2013,66.4242,107.61
08/05/2013,65.5771,108.03
09/05/2013,65.6871,108.11
10/05/2013,65.4242,110.08
13/05/2013,64.5014,109.99
14/05/2013,64.8356,110.32
15/05/2013,62.7371,110.4
16/05/2013,60.4628,111.21
17/05/2013,62.7214,111.16
20/05/2013,61.7014,111.13
21/05/2013,62.5928,112.11
22/05/2013,63.4357,111.59
23/05/2013,62.2785,110.06
24/05/2013,62.9785,109.86
28/05/2013,64.2714,111.15
29/05/2013,62.8571,111.04
30/05/2013,63.6642,111.34
31/05/2013,64.6428,110.79
03/06/2013,64.3899,110.7
04/06/2013,64.7456,110.65
05/06/2013,63.6642,109.8
06/06/2013,63.6385,108.46
07/06/2013,62.3571,109.38
10/06/2013,63.5328,111.41
11/06/2013,62.2485,109.9
12/06/2013,62.7857,110.99
13/06/2013,61.7857,108.95
14/06/2013,62.1999,111.3
17/06/2013,61.6342,111.85
18/06/2013,61.6514,112.07
19/06/2013,61.6285,112.96
20/06/2013,59.8999,110.71
21/06/2013,59.7842,109.5
24/06/2013,58.1999,108.784
25/06/2013,57.9571,108.2
26/06/2013,57.6999,109.07
27/06/2013,57.0357,110.54
28/06/2013,55.9085,109.86
01/07/2013,57.5271,108.37
02/07/2013,58.5657,109.05
03/07/2013,60.1228,108.28
05/07/2013,60.0557,110.37
08/07/2013,60.0157,112
09/07/2013,59.0857,113.09
10/07/2013,59.9428,113.38
11/07/2013,60.4214,114.36
12/07/2013,61.0928,114.57
15/07/2013,60.7157,115.14
16/07/2013,60.9314,114.99
17/07/2013,61.3857,114.97
18/07/2013,61.9114,114.61
19/07/2013,61.8714,115.34
22/07/2013,61.3514,116
23/07/2013,60.8571,116.44
24/07/2013,62.7042,117.07
25/07/2013,62.9571,115.3
26/07/2013,62.1857,116.17
29/07/2013,62.9714,116.41
30/07/2013,64.2799,116.9
31/07/2013,64.9985,117.13
01/08/2013,65.1075,118.38
02/08/2013,65.4299,117.98
05/08/2013,66.3842,118.17
06/08/2013,66.8599,117.82
07/08/2013,66.2571,117.3
08/08/2013,66.2649,118.27
09/08/2013,65.5199,118.73
12/08/2013,65.2656,118
13/08/2013,67.2771,118.52
14/08/2013,71.1256,118.9
15/08/2013,70.9171,116.92
16/08/2013,71.4499,115.68
19/08/2013,72.0485,115.83
20/08/2013,72.8156,115.52
21/08/2013,71.9414,114.79
22/08/2013,72.1399,113.61
23/08/2013,71.8956,114.76
26/08/2013,71.5356,114.38
27/08/2013,71.1428,113.41
28/08/2013,69.4285,112.51
29/08/2013,70.2356,112.87
30/08/2013,70.2856,113.61
03/09/2013,70.4428,114.57
04/09/2013,71.3656,113.08
05/09/2013,71.4642,114.35
06/09/2013,71.2056,115.09
09/09/2013,72.1428,115.63
10/09/2013,72.3142,117.31
11/09/2013,66.7157,117.63
12/09/2013,66.9285,118.8
13/09/2013,67.0485,118.49
16/09/2013,65.8571,119.79
17/09/2013,63.9942,119.07
18/09/2013,66.1685,120.25
19/09/2013,67.2428,121.15
20/09/2013,68.2856,121.5
23/09/2013,70.8714,120.43
24/09/2013,70.6971,121.24
25/09/2013,69.8856,120.89
26/09/2013,69.4285,120.6
27/09/2013,69.1114,119.97
30/09/2013,68.1785,119.39
01/10/2013,68.3499,119.69
02/10/2013,69.3756,119.13
03/10/2013,70.0728,118.71
04/10/2013,69.1228,118.37
07/10/2013,69.5085,118.56
08/10/2013,69.9914,118.72
09/10/2013,69.2342,117.27
10/10/2013,70.1885,118.6
11/10/2013,69.5699,119.16
14/10/2013,69.9756,120.26
15/10/2013,71.0721,121.28
16/10/2013,71.5414,120.86
17/10/2013,71.4256,120.74
18/10/2013,72.2842,122.87
21/10/2013,73.1099,122.79
22/10/2013,75.2006,123.36
23/10/2013,74.1428,123.43
24/10/2013,74.9999,122.96
25/10/2013,75.9021,123.05
28/10/2013,75.5771,124.13
29/10/2013,76.6099,125.08
30/10/2013,74.2299,125.57
31/10/2013,74.9999,124.97
01/11/2013,74.8599,126.76
04/11/2013,74.4428,125.98
05/11/2013,74.9399,125.75
06/11/2013,74.8785,126.46
07/11/2013,74.2256,127.15
08/11/2013,73.5114,126.03
11/11/2013,74.2842,127.54
12/11/2013,73.9528,128.15
13/11/2013,73.9999,127.86
14/11/2013,74.6871,128.97
15/11/2013,75.2256,129.15
18/11/2013,74.9985,129.91
19/11/2013,74.1471,130.02
20/11/2013,74.1756,129.5
21/11/2013,73.9428,129.69
22/11/2013,74.2171,130.36
25/11/2013,74.4314,131.8
26/11/2013,74.8742,131.45
27/11/2013,76.6156,132.63
29/11/2013,78.4971,133.51
02/12/2013,79.7142,131.67
03/12/2013,79.7571,126.06
04/12/2013,80.7856,125.95
05/12/2013,81.8071,126.4
06/12/2013,80.8271,128.19
09/12/2013,80.1285,128.8
10/12/2013,80.5113,128.07
11/12/2013,80.9999,128.74
12/12/2013,80.3058,126.63
13/12/2013,80.4071,126.65
16/12/2013,79.2885,126.77
17/12/2013,79.4013,130.42
18/12/2013,78.5285,131.4801
19/12/2013,78.4999,135.06
20/12/2013,77.9185,136.78
23/12/2013,81.1428,137.1
24/12/2013,81.4128,137.23
26/12/2013,81.1571,137.3
27/12/2013,80.5456,138.78
30/12/2013,79.6371,139.08
31/12/2013,79.1671,140
02/01/2014,79.3828,138.05
03/01/2014,78.9799,138.37
06/01/2014,76.7785,138.75
07/01/2014,77.7599,137.45
08/01/2014,76.9728,137.48
09/01/2014,78.1142,137.02
10/01/2014,77.1185,136.95
13/01/2014,75.7014,135.81
14/01/2014,76.8885,135.11
15/01/2014,79.0742,137.77
16/01/2014,79.2713,137.74
17/01/2014,78.7828,137.98
21/01/2014,77.2842,138.45
22/01/2014,78.702,137.35
23/01/2014,78.5628,135.64
24/01/2014,79.1428,133.73
27/01/2014,78.5813,130.02
28/01/2014,72.6799,129.43
29/01/2014,71.9928,130.1
30/01/2014,71.7914,129.96
31/01/2014,70.7399,126.6
03/02/2014,71.8014,128.22
04/02/2014,72.2642,126.09
05/02/2014,72.3656,128.01
06/02/2014,72.8656,127.6
07/02/2014,74.4828,129.57
10/02/2014,74.0942,129.65
11/02/2014,75.8014,129.7
12/02/2014,76.7071,130.34
13/02/2014,76.3799,129.29
14/02/2014,77.4956,129.77
18/02/2014,77.9999,132.31
19/02/2014,77.8214,131.33
20/02/2014,76.1414,130.65
21/02/2014,76.1132,131.56
24/02/2014,74.7356,131.89
25/02/2014,75.6256,132.27
26/02/2014,74.8014,133.13
27/02/2014,73.8771,132.63
28/02/2014,75.5828,134.19
03/03/2014,74.7742,133.07
04/03/2014,75.8571,131.92
05/03/2014,75.8456,132.66
06/03/2014,76.1128,134.37
07/03/2014,75.8699,134.88
10/03/2014,75.4799,133.98
11/03/2014,76.4928,133.73
12/03/2014,76.3585,132.07
13/03/2014,76.7771,133.19
14/03/2014,75.5414,130.08
17/03/2014,75.3856,130.66
18/03/2014,75.1285,132.49
19/03/2014,76.0371,132.75
20/03/2014,75.6985,131.15
21/03/2014,75.9899,133.58
24/03/2014,76.9171,133.32
25/03/2014,77.3571,133.66
26/03/2014,78.0742,134.66
27/03/2014,77.1449,132.82
28/03/2014,76.9028,133.58
31/03/2014,77.0328,134.61
01/04/2014,76.8228,135.88
02/04/2014,77.4828,135.99
03/04/2014,77.3414,136.22
04/04/2014,77.1156,136.9
07/04/2014,75.4314,135.81
08/04/2014,75.0271,134.44
09/04/2014,74.6628,135
10/04/2014,75.8114,135.73
11/04/2014,74.1428,133.37
14/04/2014,74.5571,133.45
15/04/2014,74.3242,133.27
16/04/2014,74.0071,135.17
17/04/2014,74.2856,137.3
21/04/2014,75.0485,137.25
22/04/2014,75.4728,138.5
23/04/2014,75.5799,138.81
24/04/2014,81.1728,136.38
25/04/2014,80.6471,136.5
28/04/2014,81.8285,137.43
29/04/2014,84.8199,137.87
30/04/2014,84.6628,137.63
01/05/2014,84.5713,139.5
02/05/2014,84.6199,141.63
05/05/2014,84.3056,139.14
06/05/2014,85.9713,140.28
07/05/2014,85.0356,139.98
08/05/2014,84.0356,140.88
09/05/2014,83.5056,140.56
12/05/2014,83.9271,141.78
13/05/2014,84.5713,143
14/05/2014,84.6328,142.48
15/05/2014,84.9571,141.56
16/05/2014,84.0899,140.93
19/05/2014,85.4071,140.07
20/05/2014,86.3585,141.6
21/05/2014,86.2613,139.77
22/05/2014,86.6571,140.71
23/05/2014,86.7499,140.23
27/05/2014,87.9828,141.5
28/05/2014,89.4313,141.81
29/05/2014,89.6928,141.5
30/05/2014,91.1399,142.11
02/06/2014,90.5656,142.27
03/06/2014,89.7799,142.08
04/06/2014,91.0628,142.91
05/06/2014,92.3142,142.76
06/06/2014,92.8428,143.99
09/06/2014,92.7,144.64
10/06/2014,94.73,144.97
11/06/2014,94.13,144.66
12/06/2014,94.04,144.95
13/06/2014,92.2,143.19
16/06/2014,91.51,142.93
17/06/2014,92.31,143.01
18/06/2014,92.27,143.93
19/06/2014,92.29,144.53
20/06/2014,91.85,144.54
23/06/2014,91.32,145.1
24/06/2014,90.75,143.71
25/06/2014,90.21,143
26/06/2014,90.37,143.75
27/06/2014,90.82,143.17
30/06/2014,92.1,143.92
01/07/2014,93.52,143.41
02/07/2014,93.865,144.23
03/07/2014,93.67,145.25
07/07/2014,94.14,145.48
08/07/2014,96.27,145.22
09/07/2014,95.44,144.78
10/07/2014,93.76,143.5
11/07/2014,95.36,144.14
14/07/2014,95.86,144.99
15/07/2014,96.8,145
16/07/2014,96.97,145.28
17/07/2014,95.03,145.33
18/07/2014,93.62,143.83
21/07/2014,94.99,144.66
22/07/2014,94.68,144.89
23/07/2014,95.42,145.34
24/07/2014,97.035,145.51
25/07/2014,96.85,145.66
28/07/2014,97.82,144.92
29/07/2014,99.33,145.22
30/07/2014,98.44,144.26
31/07/2014,97.16,143.33
01/08/2014,94.9,140.15
04/08/2014,96.37,140.15
05/08/2014,95.36,140.62
06/08/2014,94.75,139.14
07/08/2014,94.93,140.05
08/08/2014,94.26,139.3
11/08/2014,95.27,140.93
12/08/2014,96.04,140.62
13/08/2014,96.15,141.35
14/08/2014,97.33,142
15/08/2014,97.9,142.81
18/08/2014,98.49,142.75
19/08/2014,99.41,144.47
20/08/2014,100.44,143.86
21/08/2014,100.57,144.78
22/08/2014,100.29,144.5
25/08/2014,101.79,144.66
26/08/2014,101.42,145
27/08/2014,101.02,144.43
28/08/2014,101.59,143.32
29/08/2014,102.86,144.06
02/09/2014,103.06,143.3
03/09/2014,103.1,144.47
04/09/2014,98.85,144.21
05/09/2014,98.8,143.64
08/09/2014,99.3,144.41
09/09/2014,99.08,144.7
10/09/2014,98.01,144.63
11/09/2014,100.41,143.99
12/09/2014,101.21,144.45
15/09/2014,102.81,144.17
16/09/2014,99.8,143.8
17/09/2014,101.27,144.92
18/09/2014,101.93,145.7
19/09/2014,102.29,147.42
22/09/2014,101.8,146.92
23/09/2014,100.6,145.23
24/09/2014,102.16,144.17
25/09/2014,100.51,144.41
26/09/2014,98.53,142.52
29/09/2014,98.65,140.94
30/09/2014,100.81,142.5
01/10/2014,100.59,141.16
02/10/2014,99.27,138.57
03/10/2014,99.44,139.33
06/10/2014,99.95,140.55
07/10/2014,99.43,138.82
08/10/2014,98.76,138.25
09/10/2014,101.54,141.15
10/10/2014,100.69,139.33
13/10/2014,101.33,134.26
14/10/2014,100.39,133.65
15/10/2014,97.97,132.56
16/10/2014,95.55,133.42
17/10/2014,97.5,135.75
20/10/2014,98.315,137.15
21/10/2014,103.02,138.4
22/10/2014,102.84,140.9
23/10/2014,104.08,141.92
24/10/2014,105.18,145
27/10/2014,104.85,148.09
28/10/2014,105.4,149.83
29/10/2014,106.65,151.39
30/10/2014,106.959,150.49
31/10/2014,108.01,153.83
03/11/2014,108.22,153.14
04/11/2014,109.36,153.92
05/11/2014,109.1,155.68
06/11/2014,108.6,155.69
07/11/2014,108.75,156.15
10/11/2014,109.02,156.25
11/11/2014,108.7,157.95
12/11/2014,109.38,156.65
13/11/2014,111.8,158
14/11/2014,113.15,158.53
17/11/2014,114.27,158.09
18/11/2014,113.94,158.88
19/11/2014,115.44,159.33
20/11/2014,114.91,158.19
21/11/2014,117.51,160.31
24/11/2014,116.85,160.16
25/11/2014,119.07,159
26/11/2014,117.94,157.97
28/11/2014,119.27,159.58
01/12/2014,118.81,158.35
02/12/2014,113.5,158.78
03/12/2014,115.75,161.1
04/12/2014,115.77,162
05/12/2014,115.99,162.4
08/12/2014,114.1,162.1
09/12/2014,110.19,159.89
10/12/2014,114.41,160.71
11/12/2014,112.26,159.18
12/12/2014,110.46,158.56
15/12/2014,110.7,158.12
16/12/2014,106.37,157.26
17/12/2014,107.12,159.29
18/12/2014,111.87,162.4
19/12/2014,112.26,164.78
22/12/2014,112.16,166.22
23/12/2014,113.23,168.02
24/12/2014,112.58,166.17
26/12/2014,112.1,167.34
29/12/2014,113.79,166.3
30/12/2014,113.64,166.55
31/12/2014,112.82,166
02/01/2015,111.39,164.71
05/01/2015,108.29,163
06/01/2015,106.54,160.82
07/01/2015,107.2,159.9
08/01/2015,109.23,160.65
09/01/2015,112.67,163.85
12/01/2015,112.6,162.39
13/01/2015,111.43,162.23
14/01/2015,109.04,159.04
15/01/2015,110,160.89
16/01/2015,107.03,159.86
20/01/2015,107.84,162.72
21/01/2015,108.95,161.66
22/01/2015,110.26,163.26
23/01/2015,112.3,165.75
26/01/2015,113.74,163.62
27/01/2015,112.42,162.31
28/01/2015,117.625,164.61
29/01/2015,116.32,164.07
30/01/2015,118.4,164.75
02/02/2015,118.05,162.12
03/02/2015,118.5,165.17
04/02/2015,118.5,165.78
05/02/2015,120.02,165.31
06/02/2015,120.02,166.23
09/02/2015,118.55,164.38
10/02/2015,120.17,165.4
11/02/2015,122.77,164.52
12/02/2015,126.06,164.93
13/02/2015,127.28,165.9
17/02/2015,127.49,165.94
18/02/2015,127.625,166.34
19/02/2015,128.48,167.4
20/02/2015,128.62,166.74
23/02/2015,130.02,168.14
24/02/2015,132.94,168.27
25/02/2015,131.56,168.97
26/02/2015,128.785,168.85
27/02/2015,130,169.66
02/03/2015,129.25,168.16
03/03/2015,128.96,169.57
04/03/2015,129.1,168.26
05/03/2015,128.58,167.21
06/03/2015,128.4,166.5
09/03/2015,127.96,164.72
10/03/2015,126.41,164.81
11/03/2015,124.75,162.7
12/03/2015,122.31,162.59
13/03/2015,124.4,164.02
16/03/2015,123.88,163.58
17/03/2015,125.9,165.52
18/03/2015,127,163.16
19/03/2015,128.75,166.16
20/03/2015,128.25,166.09
23/03/2015,127.12,166.83
24/03/2015,127.23,165.58
25/03/2015,126.54,166.24
26/03/2015,122.76,162
27/03/2015,124.57,162.36
30/03/2015,124.05,164.2
31/03/2015,126.09,165.41
01/04/2015,124.82,164.29
02/04/2015,125.03,163.38
06/04/2015,124.47,161.66
07/04/2015,127.64,165.4
08/04/2015,125.85,166.21
09/04/2015,125.85,166.25
10/04/2015,125.95,167.5
13/04/2015,128.37,166.76
14/04/2015,127,165.32
15/04/2015,126.41,166.72
16/04/2015,126.28,165.73
17/04/2015,125.55,164.53
20/04/2015,125.57,163
21/04/2015,128.1,165.65
22/04/2015,126.99,163.81
23/04/2015,128.3,159.54
24/04/2015,130.49,159.81
27/04/2015,132.31,159.48
28/04/2015,134.455,157.69
29/04/2015,130.16,157.42
30/04/2015,127.5,156.82
01/05/2015,126.1,156.79
04/05/2015,129.5,158.4
05/05/2015,128.15,158.86
06/05/2015,126.56,157.92
07/05/2015,124.77,157.23
08/05/2015,126.68,160.25
11/05/2015,127.39,160.26
12/05/2015,125.6,158.71
13/05/2015,126.15,160.43
14/05/2015,127.41,162.09
15/05/2015,129.07,163.15
18/05/2015,128.38,163
19/05/2015,130.69,163.07
20/05/2015,130,162.42
21/05/2015,130.07,161.9
22/05/2015,131.6,161.99
26/05/2015,132.6,160.98
27/05/2015,130.34,159.82
28/05/2015,131.86,160.35
29/05/2015,131.23,160.44
01/06/2015,131.2,159.1
02/06/2015,129.86,158.28
03/06/2015,130.66,159.61
04/06/2015,129.58,159.51
05/06/2015,129.5,157.5
08/06/2015,128.9,156.5
09/06/2015,126.7,156.85
10/06/2015,127.92,156.95
11/06/2015,129.18,159.12
12/06/2015,128.185,159.85
15/06/2015,126.1,157.08
16/06/2015,127.03,155.49
17/06/2015,127.72,156.6
18/06/2015,127.23,157.59
19/06/2015,127.71,159.36
22/06/2015,127.49,159.85
23/06/2015,127.48,160.41
24/06/2015,127.21,159.68
25/06/2015,128.86,157.85
26/06/2015,127.67,156.16
29/06/2015,125.46,155.92
30/06/2015,125.57,155
01/07/2015,126.9,156.13
02/07/2015,126.43,156.08
06/07/2015,124.94,153.89
07/07/2015,125.89,155.14
08/07/2015,124.48,154.08
09/07/2015,123.85,154.59
10/07/2015,121.94,154.74
13/07/2015,125.03,156.42
14/07/2015,126.04,156.49
15/07/2015,125.72,156.57
16/07/2015,127.74,157.58
17/07/2015,129.08,156.5
20/07/2015,130.97,156.77
21/07/2015,132.85,156.75
22/07/2015,121.99,155.59
23/07/2015,126.2,151.92
24/07/2015,125.32,148.86
27/07/2015,123.09,148.64
28/07/2015,123.38,148.85
29/07/2015,123.15,151.44
30/07/2015,122.32,151
31/07/2015,122.6,152.53
03/08/2015,121.5,150.79
04/08/2015,117.42,150.93
05/08/2015,112.95,151.85
06/08/2015,115.97,150.89
07/08/2015,114.58,148.48
10/08/2015,116.53,150
11/08/2015,117.81,150
12/08/2015,112.53,147.24
13/08/2015,116.04,148
14/08/2015,114.32,147.66
17/08/2015,116.04,147.43
18/08/2015,116.43,148.63
19/08/2015,116.1,146.2
20/08/2015,114.08,144.51
21/08/2015,110.43,143.52
24/08/2015,94.87,137.12
25/08/2015,111.11,141.86
26/08/2015,107.085,140
27/08/2015,112.25,143.75
28/08/2015,112.17,143.02
31/08/2015,112.13,143
01/09/2015,110.18,139.48
02/09/2015,110,140.03
03/09/2015,112.49,141.94
04/09/2015,108.97,139.94
08/09/2015,111.65,142.05
09/09/2015,113.76,144.86
10/09/2015,110.27,141
11/09/2015,111.79,140.61
14/09/2015,116.58,141.52
15/09/2015,115.93,141.56
16/09/2015,116.25,143.51
17/09/2015,115.66,143.81
18/09/2015,112.21,141.17
21/09/2015,113.67,140.5
22/09/2015,113.38,138.27
23/09/2015,113.63,138.53
24/09/2015,113.25,136.63
25/09/2015,116.44,139.62
28/09/2015,113.85,138.3
29/09/2015,112.83,138.62
30/09/2015,110.17,142.52
01/10/2015,109.07,142.21
02/10/2015,108.01,139.08
05/10/2015,109.88,144.3
06/10/2015,110.63,145.99
07/10/2015,111.74,146.74
08/10/2015,110.19,146.65
09/10/2015,110,149.56
12/10/2015,112.73,150.26
13/10/2015,110.82,148.91
14/10/2015,111.29,149
15/10/2015,110.93,149.64
16/10/2015,111.78,149.77
19/10/2015,110.8,147.97
20/10/2015,111.34,147.45
21/10/2015,114,149.5
22/10/2015,114.33,151.34
23/10/2015,116.7,156.54
26/10/2015,118.08,156.06
27/10/2015,115.4,156
28/10/2015,116.93,156.49
29/10/2015,118.7,157.75
30/10/2015,120.99,157.8
02/11/2015,119.87,157.51
03/11/2015,120.79,159.48
04/11/2015,123.13,159
05/11/2015,121.85,159.38
06/11/2015,121.11,158.02
09/11/2015,120.96,158.67
10/11/2015,116.9,157.23
11/11/2015,116.37,157.86
12/11/2015,116.26,157.78
13/11/2015,115.2,156
16/11/2015,111.38,155.61
17/11/2015,114.92,158.36
18/11/2015,115.76,156.18
19/11/2015,117.64,157.63
20/11/2015,119.2,158.68
23/11/2015,119.27,158.9
24/11/2015,117.33,157.37
25/11/2015,119.21,158.06
27/11/2015,118.29,157.51
30/11/2015,117.99,158.1
01/12/2015,118.75,156.41
02/12/2015,117.05,156.88
03/12/2015,116.55,156.56
04/12/2015,115.29,154.79
07/12/2015,118.98,157.53
08/12/2015,117.52,156.44
09/12/2015,117.64,156.17
10/12/2015,116.04,155.73
11/12/2015,115.19,155.55
14/12/2015,112.18,155.29
15/12/2015,111.94,151.99
16/12/2015,111.07,148.15
17/12/2015,112.02,150.15
18/12/2015,108.91,148.21
21/12/2015,107.28,147.58
22/12/2015,107.4,148.12
23/12/2015,107.27,149.69
24/12/2015,109,150.82
28/12/2015,107.59,151.13
29/12/2015,106.96,152.2
30/12/2015,108.58,152.79
31/12/2015,107.01,151.73
04/01/2016,102.61,148.05
05/01/2016,105.75,146.82
06/01/2016,100.56,145.59
07/01/2016,98.68,142.52
08/01/2016,98.55,141.36
11/01/2016,98.97,140.97
12/01/2016,100.55,141.36
13/01/2016,100.32,140.89
14/01/2016,97.96,139.74
15/01/2016,96.2,138.3
19/01/2016,98.41,140.1
20/01/2016,95.1,136.95
21/01/2016,97.06,136.96
22/01/2016,98.63,140.14
25/01/2016,101.52,138.96
26/01/2016,99.93,141.79
27/01/2016,96.04,144.95
28/01/2016,93.79,146.16
29/01/2016,94.79,148.24
01/02/2016,96.47,149.33
02/02/2016,95.42,147.59
03/02/2016,95,149.36
04/02/2016,95.86,152.42
05/02/2016,96.52,153.2
08/02/2016,93.13,151.63
09/02/2016,94.29,152.95
10/02/2016,95.92,154.43
11/02/2016,93.79,149.91
12/02/2016,94.19,151.51
16/02/2016,95.02,155
17/02/2016,96.67,156
18/02/2016,98.84,156.35
19/02/2016,96,157
22/02/2016,96.31,157.5
23/02/2016,96.4,157.63
24/02/2016,93.98,154.84
25/02/2016,96.05,157.54
26/02/2016,97.2,159.15
29/02/2016,96.86,158.01
01/03/2016,97.65,158.75
02/03/2016,100.51,158.88
03/03/2016,100.58,159.41
04/03/2016,102.37,159.46
07/03/2016,102.39,159.98
08/03/2016,100.78,159.4
09/03/2016,101.31,160.5
10/03/2016,101.41,160.77
11/03/2016,102.24,161.14
14/03/2016,101.91,161.61
15/03/2016,103.96,160.16
16/03/2016,104.61,161.96
17/03/2016,105.52,163.16
18/03/2016,106.34,164.15
21/03/2016,105.93,165.05
22/03/2016,105.25,164.5
23/03/2016,106.48,164.6
24/03/2016,105.47,163.68
28/03/2016,106,164.93
29/03/2016,104.89,164.93
30/03/2016,108.65,165.37
31/03/2016,109.72,166.75
01/04/2016,108.78,165.63
04/04/2016,110.42,167.11
05/04/2016,109.51,165.18
06/04/2016,110.23,165.34
07/04/2016,109.95,165.88
08/04/2016,108.91,167.71
11/04/2016,108.97,167.12
12/04/2016,109.34,167.01
13/04/2016,110.8,168.47
14/04/2016,111.62,169
15/04/2016,112.11,168.32
18/04/2016,108.89,168.47
19/04/2016,107.88,169.92
20/04/2016,106.64,170.14
21/04/2016,106.93,168.97
22/04/2016,105.01,169.09
25/04/2016,105,168
26/04/2016,103.91,167.5
27/04/2016,96,166.99
28/04/2016,97.61,166.85
29/04/2016,93.99,166.98
02/05/2016,93.965,167.3
03/05/2016,94.2,167.39
04/05/2016,95.2,166.37
05/05/2016,94,167.46
06/05/2016,93.37,167.84
09/05/2016,93,168.59
10/05/2016,93.33,169.23
11/05/2016,93.48,170.2
12/05/2016,92.72,169.86
13/05/2016,90,170.05
16/05/2016,92.39,168.5
17/05/2016,94.55,169.57
18/05/2016,94.16,166.5
19/05/2016,94.64,165.37
20/05/2016,94.64,165.25
23/05/2016,95.87,165.28
24/05/2016,97.22,167.16
25/05/2016,98.67,169
26/05/2016,99.68,170.01
27/05/2016,99.44,168.91
31/05/2016,99.6,169.32
01/06/2016,99.02,167.78
02/06/2016,97.6,168.71
03/06/2016,97.79,168.05
06/06/2016,97.99,168.85
07/06/2016,99.25,170.25
08/06/2016,99.02,170.95
09/06/2016,98.5,170.5
10/06/2016,98.53,169.27
13/06/2016,98.69,168.45
14/06/2016,97.32,167.29
15/06/2016,97.82,167.95
16/06/2016,96.45,167.35
17/06/2016,96.62,169.99
20/06/2016,96,170.9
21/06/2016,94.94,171.18
22/06/2016,96.25,171.83
23/06/2016,95.94,172.71
24/06/2016,92.91,168.87
27/06/2016,93,167.78
28/06/2016,92.9,168.14
29/06/2016,93.97,171.02
30/06/2016,94.44,172.06
01/07/2016,95.49,175.14
05/07/2016,95.39,174.86
06/07/2016,94.6,175.2
07/07/2016,95.7,175.09
08/07/2016,96.49,175.87
11/07/2016,96.75,177.41
12/07/2016,97.17,178.75
13/07/2016,97.41,179.22
14/07/2016,97.39,180.15
15/07/2016,98.92,181.5
18/07/2016,98.7,181.44
19/07/2016,99.56,181.11
20/07/2016,100,181.73
21/07/2016,99.83,181.29
22/07/2016,99.26,180.42
25/07/2016,98.25,180.2
26/07/2016,96.82,177.17
27/07/2016,104.265,177.41
28/07/2016,102.83,177.65
29/07/2016,104.19,178.11
01/08/2016,104.41,177.08
02/08/2016,106.05,178.58
03/08/2016,104.81,178.72
04/08/2016,105.58,178.96
05/08/2016,106.27,178.25
08/08/2016,107.52,178.9
09/08/2016,108.23,178.37
10/08/2016,108.71,178.12
11/08/2016,108.52,179.08
12/08/2016,107.78,181.47
15/08/2016,108.14,181
16/08/2016,109.63,180.12
17/08/2016,109.1,178.67
18/08/2016,109.23,179.7
19/08/2016,108.77,178.66
22/08/2016,108.86,179.18
23/08/2016,108.59,179.61
24/08/2016,108.565,179.41
25/08/2016,107.39,179.09
26/08/2016,107.41,180.19
29/08/2016,106.62,179.86
30/08/2016,105.8,180.72
31/08/2016,105.66,179.49
01/09/2016,106.14,179.31
02/09/2016,107.7,180.53
06/09/2016,107.9,180.56
07/09/2016,107.83,180.04
08/09/2016,107.25,179.19
09/09/2016,104.64,178.89
12/09/2016,102.65,175
13/09/2016,107.51,176.83
14/09/2016,108.73,175.96
15/09/2016,113.86,175.53
16/09/2016,115.12,175.88
19/09/2016,115.19,176.05
20/09/2016,113.05,177.71
21/09/2016,113.85,177.88
22/09/2016,114.35,179.83
23/09/2016,114.42,179.4
26/09/2016,111.64,176.85
27/09/2016,113,175.61
28/09/2016,113.69,176.78
29/09/2016,113.16,177.478
30/09/2016,112.46,176.58
03/10/2016,112.71,175.33
04/10/2016,113.06,174.59
05/10/2016,113.4,171.66
06/10/2016,113.7,171.93
07/10/2016,114.31,171.9
10/10/2016,115.02,171.84
11/10/2016,117.7,170.24
12/10/2016,117.35,169.6
13/10/2016,116.79,168.87
14/10/2016,117.88,170.99
17/10/2016,117.33,170.54
18/10/2016,118.18,171.68
19/10/2016,117.25,170.8
20/10/2016,116.86,169.57
21/10/2016,116.81,168.11
24/10/2016,117.1,172.65
25/10/2016,117.95,169.47
26/10/2016,114.31,165.69
27/10/2016,115.39,166.87
28/10/2016,113.87,166.55
31/10/2016,113.65,166.46
01/11/2016,113.46,165.4
02/11/2016,111.4,164.7
03/11/2016,110.98,166.14
04/11/2016,108.53,167.21
07/11/2016,110.08,168.15
08/11/2016,110.31,169.9
09/11/2016,109.88,165.84
10/11/2016,111.09,170.16
11/11/2016,107.12,174.05
14/11/2016,107.71,175.23
15/11/2016,106.57,173.16
16/11/2016,106.7,173.13
17/11/2016,109.81,172.01
18/11/2016,109.72,172.51
21/11/2016,110.12,171.42
22/11/2016,111.95,171.67
23/11/2016,111.36,172.08
25/11/2016,111.13,172.21
28/11/2016,111.43,173.56
29/11/2016,110.78,172.54
30/11/2016,111.6,172.2
01/12/2016,110.365,171.64
02/12/2016,109.17,172.53
05/12/2016,110,172.63
06/12/2016,109.5,171.82
07/12/2016,109.26,172.38
08/12/2016,110.86,176.08
09/12/2016,112.31,175.36
12/12/2016,113.29,178.25
13/12/2016,113.84,179.57
14/12/2016,115.04,179.16
15/12/2016,115.38,177.26
16/12/2016,116.47,176.56
19/12/2016,115.8,177.61
20/12/2016,116.74,178.34
21/12/2016,116.8,178.6
22/12/2016,116.35,178.8899
23/12/2016,115.59,179.09
27/12/2016,116.52,178.66
28/12/2016,117.52,178.88
29/12/2016,116.45,178.29
30/12/2016,116.65,179
03/01/2017,115.8,178.83
04/01/2017,115.85,178.03
05/01/2017,115.92,178.26
06/01/2017,116.78,177.29
09/01/2017,117.95,178.37
10/01/2017,118.77,177.36
11/01/2017,118.74,176.63
12/01/2017,118.895,176.97
13/01/2017,119.11,177.58
17/01/2017,118.34,177
18/01/2017,120,177.9
19/01/2017,119.4,179.25
20/01/2017,120.45,179.2
23/01/2017,120,177.91
24/01/2017,119.55,177.5
25/01/2017,120.42,177.09
26/01/2017,121.67,176.31
27/01/2017,122.14,177.48
30/01/2017,120.93,177.25
31/01/2017,121.15,174.74
01/02/2017,127.03,175.17
02/02/2017,127.975,174.13
03/02/2017,128.31,174.02
06/02/2017,129.13,174.12
07/02/2017,130.54,176.08
08/02/2017,131.35,175.62
09/02/2017,131.65,176.87
10/02/2017,132.46,178.3
13/02/2017,133.08,179.86
14/02/2017,133.47,180.86
15/02/2017,135.52,180.3
16/02/2017,135.67,181.75
17/02/2017,135.1,183.43
21/02/2017,136.23,182.79
22/02/2017,136.43,183.4
23/02/2017,137.38,185.91
24/02/2017,135.91,186.82
27/02/2017,137.14,187.5
28/02/2017,137.08,186.73
01/03/2017,137.89,188.08
02/03/2017,140,189.46
03/03/2017,138.78,189.85
06/03/2017,139.365,188.93
07/03/2017,139.06,188.29
08/03/2017,138.95,189.72
09/03/2017,138.74,189.25
10/03/2017,139.25,190.64
13/03/2017,138.85,191.77
14/03/2017,139.3,190.93
15/03/2017,139.41,190.18
16/03/2017,140.72,191.06
17/03/2017,141,190.82
20/03/2017,140.4,192.52
21/03/2017,142.11,193.49
22/03/2017,139.845,192.3
23/03/2017,141.26,192.12
24/03/2017,141.5,192.12
27/03/2017,139.39,190.7
28/03/2017,140.91,189.94
29/03/2017,143.68,190.59
30/03/2017,144.19,190.74
31/03/2017,143.72,191.3
03/04/2017,143.71,191.87
04/04/2017,143.25,190.57
05/04/2017,144.22,190.7
06/04/2017,144.29,190.41
07/04/2017,143.73,190.03
10/04/2017,143.6,190.16
11/04/2017,142.94,189.13
12/04/2017,141.6,190.31
13/04/2017,141.91,189.25
17/04/2017,141.48,189.31
18/04/2017,141.41,189.76
19/04/2017,141.88,190.8
20/04/2017,141.22,190.02
21/04/2017,142.44,191.15
24/04/2017,143.5,193
25/04/2017,143.91,193.99
26/04/2017,144.47,195.7
27/04/2017,143.9225,195.43
28/04/2017,144.09,196.15
01/05/2017,145.1,195.5
02/05/2017,147.54,195.16
03/05/2017,145.59,196.6
04/05/2017,146.52,198.3
05/05/2017,146.76,199.67
08/05/2017,149.03,198.84
09/05/2017,153.87,199.36
10/05/2017,153.63,197.37
11/05/2017,152.45,196.04
12/05/2017,154.7,195.9
15/05/2017,156.01,196.67
16/05/2017,155.94,197.48
17/05/2017,153.6,195.39
18/05/2017,151.27,194.5
19/05/2017,153.38,196.3
22/05/2017,154,196.35
23/05/2017,154.9,198.73
24/05/2017,153.84,198.49
25/05/2017,153.73,198.41
26/05/2017,154,199.14
30/05/2017,153.42,200.31
31/05/2017,153.97,202.73
01/06/2017,153.17,204.25
02/06/2017,153.58,205.06
05/06/2017,154.34,206.77
06/06/2017,153.9,206.01
07/06/2017,155.02,205.73
08/06/2017,155.25,204.84
09/06/2017,155.19,206
12/06/2017,145.74,207.06
13/06/2017,147.16,207.58
14/06/2017,147.5,209.78
15/06/2017,143.32,209.5
16/06/2017,143.78,211.73
19/06/2017,143.66,214
20/06/2017,146.87,213.45
21/06/2017,145.52,214.02
22/06/2017,145.77,212.73
23/06/2017,145.13,212
26/06/2017,147.17,212.79
27/06/2017,145.01,212
28/06/2017,144.49,210.78
29/06/2017,144.71,211.05
30/06/2017,144.45,209.91
03/07/2017,144.88,209.14
05/07/2017,143.69,210
06/07/2017,143.02,209.05
07/07/2017,142.9,208.5
10/07/2017,144.11,209.6
11/07/2017,144.73,210.41
12/07/2017,145.87,210.91
13/07/2017,145.5,211.2
14/07/2017,147.97,211.52
17/07/2017,148.82,212.2
18/07/2017,149.2,210.68
19/07/2017,150.48,211.51
20/07/2017,151.5,212.21
21/07/2017,149.99,211.65
24/07/2017,150.58,211.2
25/07/2017,151.8,202.65
26/07/2017,153.35,200.45
27/07/2017,153.75,199.14
28/07/2017,149.89,200.79
31/07/2017,149.9,200
01/08/2017,157.06,207.95
02/08/2017,159.28,203.19
03/08/2017,157.05,205.91
04/08/2017,156.07,207.95
07/08/2017,157.06,207.9
08/08/2017,158.6,206.83
09/08/2017,159.26,206.69
10/08/2017,159.9,205.62
11/08/2017,156.6,206.85
14/08/2017,159.32,206.66
15/08/2017,160.66,207
16/08/2017,161.94,207.21
17/08/2017,160.52,207.79
18/08/2017,157.86,205.35
21/08/2017,157.5,203.8
22/08/2017,158.23,205.2
23/08/2017,159.07,204.05
24/08/2017,160.43,203.89
25/08/2017,159.65,203.44
28/08/2017,160.14,202.78
29/08/2017,160.1,202.2
30/08/2017,163.8,202.92
31/08/2017,163.64,204.32
01/09/2017,164.8,204.61
05/09/2017,163.75,202.25
06/09/2017,162.71,201.75
07/09/2017,162.09,201.47
08/09/2017,160.86,204.35
11/09/2017,160.5,206.46
12/09/2017,162.61,209.91
13/09/2017,159.87,209.12
14/09/2017,158.99,209.15
15/09/2017,158.47,212.59
18/09/2017,160.11,214
19/09/2017,159.51,214.23
20/09/2017,157.9,211.77
21/09/2017,155.8,210.9
22/09/2017,152.02,209.64
25/09/2017,149.99,210.98
26/09/2017,151.78,211.26
27/09/2017,153.8,211.09
28/09/2017,153.89,208.3
29/09/2017,153.21,209.06
02/10/2017,154.26,210.73
03/10/2017,154.01,212.62
04/10/2017,153.63,214.85
05/10/2017,154.18,216.49
06/10/2017,154.97,216
09/10/2017,155.81,215.96
10/10/2017,156.055,217.38
11/10/2017,155.97,216.75
12/10/2017,156.35,216.6
13/10/2017,156.73,218.83
16/10/2017,157.9,217.7
17/10/2017,159.78,218.49
18/10/2017,160.42,217.52
19/10/2017,156.75,218.49
20/10/2017,156.61,219.95
23/10/2017,156.89,221.76
24/10/2017,156.29,229
25/10/2017,156.91,235.01
26/10/2017,157.23,238.26
27/10/2017,159.29,234.23
30/10/2017,163.89,233.66
31/10/2017,167.9,231.38
01/11/2017,169.87,231
02/11/2017,167.64,230.24
03/11/2017,174,231.56
06/11/2017,172.365,232.22
07/11/2017,173.91,230.38
08/11/2017,174.66,229.84
09/11/2017,175.11,228.54
10/11/2017,175.11,227.47
13/11/2017,173.5,226.73
14/11/2017,173.04,228.14
15/11/2017,169.97,228.07
16/11/2017,171.18,227.79
17/11/2017,171.04,228.43
20/11/2017,170.29,229.9
21/11/2017,170.78,232.21
22/11/2017,173.36,233.06
24/11/2017,175.1,232.03
27/11/2017,175.05,231.75
28/11/2017,174.3,234.12
29/11/2017,172.63,236.05
30/11/2017,170.43,238.86
01/12/2017,169.95,243.19
04/12/2017,172.48,243.05
05/12/2017,169.06,240.22
06/12/2017,167.5,238.96
07/12/2017,169.03,238.45
08/12/2017,170.49,240
11/12/2017,169.2,238.85
12/12/2017,172.15,241.55
13/12/2017,172.5,236.91
14/12/2017,172.4,239.895
15/12/2017,173.63,239
18/12/2017,174.88,239.81
19/12/2017,175.03,239.205
20/12/2017,174.87,238.14
21/12/2017,174.17,236.95
22/12/2017,174.68,234.57
26/12/2017,170.8,235.08
27/12/2017,170.1,235.52
28/12/2017,171,236.94
29/12/2017,170.52,236.48
02/01/2018,170.16,235.78
03/01/2018,172.53,235.07
04/01/2018,172.54,237
05/01/2018,173.44,238.65
08/01/2018,174.35,239.38
09/01/2018,174.55,239.6
10/01/2018,173.16,241
11/01/2018,174.59,240.74
12/01/2018,176.18,243.07
16/01/2018,177.9,245.3
17/01/2018,176.15,246.85
18/01/2018,179.37,248.13
19/01/2018,178.61,246.63
22/01/2018,177.3,247.13
23/01/2018,177.3,246.91
24/01/2018,177.25,247.99
25/01/2018,174.505,250
26/01/2018,172,253.43
29/01/2018,170.16,258.51
30/01/2018,165.525,255.6
31/01/2018,166.87,251.49
01/02/2018,167.165,247.44
02/02/2018,166,246.43
05/02/2018,159.1,243.5
06/02/2018,154.83,227.51
07/02/2018,163.085,233.19
